adrg	mode	result	source_kind	text
9600	BASE_PDF_OVERRIDE	PASS	ROOT_SOURCE_FRAGMENT	Died within two days of admission without OR procedure(except neonate)
9620	BASE_PDF_OVERRIDE	PASS	ROOT_SOURCE_FRAGMENT	주진단명 table1 without 시술명 table2
9630	BASE_PDF_OVERRIDE	PASS	ROOT_SOURCE_FRAGMENT	MDC 15의 주진단명 and (age > 27 days and age < 366 days) and 입원시 체중 ≥2500g or MDC 15의 주진단명 and age > 0 year
A080	BASE_PDF_OVERRIDE	PASS	ROOT_SOURCE_FRAGMENT	시술명 table1 without 시술명 table2
B031	BASE_PDF_OVERRIDE	PASS	ROOT_SOURCE_FRAGMENT	시술명 table2 without 주진단명 table1
B032	BASE_PDF_OVERRIDE	PASS	ROOT_SOURCE_FRAGMENT	시술명 table3 without 주진단명 table1
B033	BASE_PDF_OVERRIDE	PASS	ROOT_SOURCE_FRAGMENT	시술명 table4 without 주진단명 table1
B091	BASE_PDF_OVERRIDE	PASS	ROOT_SOURCE_FRAGMENT	(주진단명 table1 and 시술명 table2) or 시술명 table2
C030	BASE_PDF_OVERRIDE	PASS	ROOT_SOURCE_FRAGMENT	시술명 table2 or (주진단명 table1 and 시술명 table3)
C043	BASE_PDF_OVERRIDE	PASS	ROOT_SOURCE_FRAGMENT	(시술명 table1 and 시술명 table2 and 시술명 table3) or (시술명 table2 and 시술명 table3)
C044	BASE_PDF_OVERRIDE	PASS	ROOT_SOURCE_FRAGMENT	(시술명 table1 and 시술명 table2) or (시술명 table2)
D061	BASE_PDF_OVERRIDE	PASS	ROOT_SOURCE_FRAGMENT	시술명 table1 or (시술명 table2 and 부가코드1)
D062	BASE_PDF_OVERRIDE	PASS	ROOT_SOURCE_FRAGMENT	(시술명 table1 and 부가코드2) or (시술명 table2 and 부가코드1 and 부가코드2)
D502	BASE_PDF_OVERRIDE	PASS	ROOT_SOURCE_FRAGMENT	(주진단명 table1 and 시술명 table3) or 시술명 table4
E011	BASE_PDF_OVERRIDE	PASS	ROOT_SOURCE_FRAGMENT	시술명 table1 or (시술명 table2 without 부가코드)
E012	BASE_PDF_OVERRIDE	PASS	ROOT_SOURCE_FRAGMENT	(주진단명 table1 and 시술명 table2) or (주진단명 table1 and 시술명 table3 without 부가코드)
E013	BASE_PDF_OVERRIDE	PASS	ROOT_SOURCE_FRAGMENT	(E012의 주진단명 table1을 제외한 MDC04의 주진단명 and 시술명 table1) or (E012의 주진단명 table1을 제외한 MDC04의 주진단명 and 시술명 table2 without 부가코드)
E014	BASE_PDF_OVERRIDE	PASS	ROOT_SOURCE_FRAGMENT	시술명 table1 or (시술명 table2 without 부가코드)
E015	BASE_PDF_OVERRIDE	PASS	ROOT_SOURCE_FRAGMENT	시술명 table1 or (시술명 table2 without 부가코드)
E019	BASE_PDF_OVERRIDE	PASS	ROOT_SOURCE_FRAGMENT	시술명 table1 or (시술명 table2 with 부가코드)
F022	OFFICIAL_CORRECTION_20260731	PASS	OFFICIAL_CORRECTION_20260731	(시술명 table2 and 시술명 table 3) or 시술명 table6
F023	BASE_PDF_OVERRIDE	PASS	ROOT_SOURCE_FRAGMENT	(시술명 table2 and 시술명 table4) or 시술명 table5
F061	BASE_PDF_OVERRIDE	PASS	SOURCE_BLOCK_TEXT	[(주진단명 table1 and 시술명 table2) or 시술명 table3] and 시술명 table4
F071	BASE_PDF_OVERRIDE	PASS	ROOT_SOURCE_FRAGMENT	(주진단명 table1 and 시술명 table2) or 시술명 table3
F091	BASE_PDF_OVERRIDE	PASS	ROOT_SOURCE_FRAGMENT	(주진단명 table1 and 시술명 table2 and 시술명 table3) or (주진단명 table1 and 시술명 table2 and 시술명 table3 and 시술명 table4)
F112	BASE_PDF_OVERRIDE	PASS	SOURCE_BLOCK_TEXT	주진단명 table1 and 시술명 table2 and [(시술명 table3 and 시술명 table4) or (시술명 table3 and 부가코드)]
F122	BASE_PDF_OVERRIDE	PASS	SOURCE_BLOCK_TEXT	주진단명 table1 and [(시술명 table2 and 시술명 table3) or (시술명 table2 and 부가코드)]
F133	BASE_PDF_OVERRIDE	PASS	ROOT_SOURCE_FRAGMENT	시술명 table1 without 주진단명 table1
F134	BASE_PDF_OVERRIDE	PASS	ROOT_SOURCE_FRAGMENT	시술명 table3 without 주진단명 table1
F135	BASE_PDF_OVERRIDE	PASS	SOURCE_BLOCK_TEXT	[(시술명 table1 and 시술명 table2) or (시술명 table1 and 부가코드)] without 주진단명 table1
F136	BASE_PDF_OVERRIDE	PASS	SOURCE_BLOCK_TEXT	[시술명 table3 and (시술명 table1 or 시술명 table2)] without 주진단명 table1
F194	BASE_PDF_OVERRIDE	PASS	SOURCE_BLOCK_TEXT	주진단명 table1 and [(At least 2 procedures in 시술명 table2) or (시술명 table2 and 부가코드)]
F253	BASE_PDF_OVERRIDE	PASS	ROOT_SOURCE_FRAGMENT	(At least 2 procedures in 시술명 table1) or (시술명 table1 and 부가코드)
F600	BASE_PDF_OVERRIDE	PASS	ROOT_SOURCE_FRAGMENT	주진단명 table1 or (주진단명 table2 and 기타진단명 table3)
G504	BASE_PDF_OVERRIDE	PASS	ROOT_SOURCE_FRAGMENT	주진단명 table1을 제외한 MDC06의 주진단명 and 시술명 table2
G524	BASE_PDF_OVERRIDE	PASS	ROOT_SOURCE_FRAGMENT	주진단명 table1을 제외한 MDC06의 주진단명 and 시술명 table2
G534	BASE_PDF_OVERRIDE	PASS	ROOT_SOURCE_FRAGMENT	주진단명 table1을 제외한 MDC06의 주진단명 and 시술명 table2
H010	BASE_PDF_OVERRIDE	PASS	ROOT_SOURCE_FRAGMENT	(시술명 table1 and 시술명 table2) or 시술명 table3
H052	BASE_PDF_OVERRIDE	PASS	ROOT_SOURCE_FRAGMENT	시술명 table2 or (시술명 table3 and not 부가코드)
H152	BASE_PDF_OVERRIDE	PASS	ROOT_SOURCE_FRAGMENT	(시술명 table1 without 주진단명 table1) or 시술명 table2
H601	BASE_PDF_OVERRIDE	PASS	ROOT_SOURCE_FRAGMENT	주진단명 table1 or (주진단명 table2 and 기타진단명 table4) or (주진단명 table3 and 기타진단명 table5)
H602	BASE_PDF_OVERRIDE	PASS	ROOT_SOURCE_FRAGMENT	주진단명 table1 or (주진단명 table2 and 기타진단명 table3)
H611	BASE_PDF_OVERRIDE	PASS	ROOT_SOURCE_FRAGMENT	주진단명 table1 or (주진단명 table2 and 기타진단명 table3)
H661	BASE_PDF_OVERRIDE	PASS	ROOT_SOURCE_FRAGMENT	주진단명 table1 or (주진단명 table2 and 기타진단명 table3) or (주진단명 table2 and 기타진단명 table4)
H671	BASE_PDF_OVERRIDE	PASS	ROOT_SOURCE_FRAGMENT	주진단명 table1 or (주진단명 table2 and 기타진단명 table3)
I011	BASE_PDF_OVERRIDE	PASS	ROOT_SOURCE_FRAGMENT	(At least 2 procedures in 시술명 table1) or (시술명 table1 and 부가코드)
I012	BASE_PDF_OVERRIDE	PASS	ROOT_SOURCE_FRAGMENT	(At least 2 procedures in 시술명 table1) or (시술명 table1 and 부가코드)
I141	BASE_PDF_OVERRIDE	PASS	SOURCE_BLOCK_TEXT	"(At least 2 procedures in 시술명 table1)
or (시술명 table1 and 부가코드)
or [Diagnosis table2(고관절 및 대퇴부 질환)-A and 시술명 table1 and 시술명 table2]"
I142	BASE_PDF_OVERRIDE	PASS	SOURCE_BLOCK_TEXT	시술명 table1 or [Diagnosis table2(고관절 및 대퇴부 질환-A) and 시술명 table2]
I160	BASE_PDF_OVERRIDE	PASS	SOURCE_BLOCK_TEXT	"시술명 table1 or
[(Diagnosis table3(상완골 질환)-A or Diagnosis table4(경골 및 비골 질환)-A) and 시술명 table2]"
I187	BASE_PDF_OVERRIDE	PASS	SOURCE_BLOCK_TEXT	"시술명 table1 or {[Diagnosis table6(견부 질환)-A or Diagnosis table6(견부 질환)-B or Diagnosis table6(견부 질환)-C]
and 시술명 table2}"
I194	BASE_PDF_OVERRIDE	PASS	SOURCE_BLOCK_TEXT	시술명 table1 or [Diagnosis table1(슬관절 질환)-A and 시술명 table2]
I200	BASE_PDF_OVERRIDE	PASS	SOURCE_BLOCK_TEXT	[Diagnosis table7(주관절 질환)-A or Diagnosis table8(전완부 질환)-A] and 시술명 table1
I251	BASE_PDF_OVERRIDE	PASS	SOURCE_BLOCK_TEXT	[Diagnosis table10(완관절 질환)-A or Diagnosis table11(수부 질환)-A] and 시술명 table1
I252	BASE_PDF_OVERRIDE	PASS	SOURCE_BLOCK_TEXT	시술명 table1 or [(Diagnosis table10(완관절 질환)-A or Diagnosis table11(수부 질환)-A) and 시술명 table2]
I283	BASE_PDF_OVERRIDE	PASS	SOURCE_BLOCK_TEXT	[Diagnosis table1(슬관절 질환)-B or Diagnosis table4(경골 및 비골 질환)-B] and 시술명 table1
I284	BASE_PDF_OVERRIDE	PASS	SOURCE_BLOCK_TEXT	[Diagnosis table4(경골 및 비골 질환)-C or Diagnosis table9(족부 질환)-B] and 시술명 table1
I285	BASE_PDF_OVERRIDE	PASS	SOURCE_BLOCK_TEXT	[Diagnosis table3(상완골 질환)-B or Diagnosis table6(견부 질환)-D] and 시술명 table1
I286	BASE_PDF_OVERRIDE	PASS	SOURCE_BLOCK_TEXT	[Diagnosis table7(주관절 질환)-B or Diagnosis table8(전완부 질환)-B] and 시술명 table1
I287	BASE_PDF_OVERRIDE	PASS	SOURCE_BLOCK_TEXT	[Diagnosis table10(완관절 질환)-B or Diagnosis table11(수부 질환)-B] and 시술명 table1
I301	BASE_PDF_OVERRIDE	PASS	ROOT_SOURCE_FRAGMENT	(At least 2 procedures in 시술명 table1) or (시술명 table1 and 부가코드)
J031	BASE_PDF_OVERRIDE	PASS	ROOT_SOURCE_FRAGMENT	J02의 주진단명 table1을 제외한 MDC09의 주진단명 and 시술명 table1
J032	BASE_PDF_OVERRIDE	PASS	ROOT_SOURCE_FRAGMENT	J02의 주진단명 table1을 제외한 MDC09의 주진단명 and 시술명 table2
M102	BASE_PDF_OVERRIDE	PASS	ROOT_SOURCE_FRAGMENT	시술명 table3 without 주진단명 table1
N011	BASE_PDF_OVERRIDE	PASS	SOURCE_BLOCK_TEXT	주진단명 table1 and [(시술명 table2 and 부가코드) or 시술명 table3 or 시술명 table5]
N021	BASE_PDF_OVERRIDE	PASS	ROOT_SOURCE_FRAGMENT	(시술명 table1 and 부가코드) or 시술명 table2
N031	BASE_PDF_OVERRIDE	PASS	ROOT_SOURCE_FRAGMENT	(시술명 table1 and 부가코드) or 시술명 table2
N041	BASE_PDF_OVERRIDE	PASS	SOURCE_BLOCK_TEXT	[시술명 table2 or (주진단명 table1 and 시술명 table3)] and 부가코드or (주진단명 table1 and 시술명 table4) or 시술명 table5
N042	BASE_PDF_OVERRIDE	PASS	SOURCE_BLOCK_TEXT	시술명 table2 or 시술명 table6 or [주진단명 table1 and (시술명 table3 or 시술명 table7)]
N051	BASE_PDF_OVERRIDE	PASS	ROOT_SOURCE_FRAGMENT	(시술명 table1 and 부가코드) or 시술명 table2
N071	BASE_PDF_OVERRIDE	PASS	SOURCE_BLOCK_TEXT	{[시술명 table2 or (주진단명 table1 and 시술명 table3)] and 부가코드}or (주진단명 table1 and 시술명 table4)
N072	BASE_PDF_OVERRIDE	PASS	SOURCE_BLOCK_TEXT	시술명 table2 or [주진단명 table1 and (시술명 table3 or 시술명 table5)]
N101	BASE_PDF_OVERRIDE	PASS	ROOT_SOURCE_FRAGMENT	(시술명 table1 and 부가코드) or 시술명 table2
O011	BASE_PDF_OVERRIDE	PASS	ROOT_SOURCE_FRAGMENT	시술명 table2 and 연령 ≤34세 without 주진단명 table1
O023	BASE_PDF_OVERRIDE	PASS	ROOT_SOURCE_FRAGMENT	시술명 table2 and 연령 ≤34세 without 주진단명 table1
O041	BASE_PDF_OVERRIDE	PASS	ROOT_SOURCE_FRAGMENT	시술명 table2 and 연령 ≤34세 without 주진단명 table1
O051	BASE_PDF_OVERRIDE	PASS	ROOT_SOURCE_FRAGMENT	시술명 table2 and 연령 ≤34세 without 주진단명 table1
O061	BASE_PDF_OVERRIDE	PASS	ROOT_SOURCE_FRAGMENT	시술명 table2 and 연령 ≤34세 without 주진단명 table1
O110	BASE_PDF_OVERRIDE	PASS	SOURCE_BLOCK_TEXT	[주진단명 table1 or (주진단명 table2 and 기타진단명 table3)] and OR procedure
O130	BASE_PDF_OVERRIDE	PASS	ROOT_SOURCE_FRAGMENT	(시술명 table1 and 시술명 table2) or 시술명 table2 or 시술명 table3
P010	BASE_PDF_OVERRIDE	PASS	ROOT_SOURCE_FRAGMENT	재원기간 < 5일 and (퇴원경로 = 사망 혹은 전원) and (시술명 table1을 제외한 OR procedure or 인공호흡 ≥96 hours)
P030	BASE_PDF_OVERRIDE	PASS	ROOT_SOURCE_FRAGMENT	입원시 체중 <750g and (시술명 table1을 제외한 OR procedure or 인공호흡 ≥96 hours)
P040	BASE_PDF_OVERRIDE	PASS	ROOT_SOURCE_FRAGMENT	입원시 체중 750-999g and (시술명 table1을 제외한 OR procedure or 인공호흡 ≥96 hours)
P050	BASE_PDF_OVERRIDE	PASS	ROOT_SOURCE_FRAGMENT	입원시 체중 1000-1249g and (시술명 table1을 제외한 OR procedure or 인공호흡 ≥96 hours)
P060	BASE_PDF_OVERRIDE	PASS	ROOT_SOURCE_FRAGMENT	입원시 체중 1250-1499g and (시술명 table1을 제외한 OR procedure or 인공호흡 ≥96 hours)
P070	BASE_PDF_OVERRIDE	PASS	ROOT_SOURCE_FRAGMENT	입원시 체중 1500 - 1999g and (시술명 table1을 제외한 OR procedure or 인공호흡 ≥96 hours)
P080	BASE_PDF_OVERRIDE	PASS	ROOT_SOURCE_FRAGMENT	입원시 체중 2000 - 2499g and (시술명 table1을 제외한 OR procedure or 인공호흡 ≥96 hours)
P090	BASE_PDF_OVERRIDE	PASS	ROOT_SOURCE_FRAGMENT	입원시 체중 > 2499g and (시술명 table1을 제외한 OR procedure or 인공호흡 ≥96 hours)
P601	BASE_PDF_OVERRIDE	PASS	ROOT_SOURCE_FRAGMENT	재원기간 < 5일 and (퇴원경로 = 사망 혹은 전원) and 주진단명 또는 기타진단명 table1 and not(시술명 table2를 제외한 OR procedure or 인공호흡 ≥96 hours)
P602	BASE_PDF_OVERRIDE	PASS	ROOT_SOURCE_FRAGMENT	재원기간 < 5일 and (퇴원경로 = 사망 혹은 전원) and not(시술명 table2을 제외한 OR procedure or 인공호흡 ≥96 hours )
P610	BASE_PDF_OVERRIDE	PASS	ROOT_SOURCE_FRAGMENT	입원시 체중 < 750g and not(시술명 table1을 제외한 OR procedure or 인공호흡 ≥96 hours)
P620	BASE_PDF_OVERRIDE	PASS	ROOT_SOURCE_FRAGMENT	입원시 체중 750 - 999g and not(시술명 table1을 제외한 OR procedure or 인공호흡 ≥96 hours)
P630	BASE_PDF_OVERRIDE	PASS	ROOT_SOURCE_FRAGMENT	입원시 체중 1000 - 1249g and not(시술명 table1을 제외한 OR procedure or 인공호흡 ≥96 hours)
P641	BASE_PDF_OVERRIDE	PASS	SOURCE_BLOCK_TEXT	"입원시 체중 1250 - 1499g
and not(시술명 table1을 제외한 OR procedure or 인공호흡 ≥96 hours)
and { (시술명 table2 or 인공호흡 > 24 hours or 주요 문제) and 다발성 주요 문제 }"
P642	BASE_PDF_OVERRIDE	PASS	SOURCE_BLOCK_TEXT	"입원시 체중 1250 - 1499g
and not(시술명 table1을 제외한 OR procedure or 인공호흡 ≥96 hours)
and not{ (시술명 table2 or 인공호흡 > 24 hours or 주요 문제) and 다발성 주요 문제 }"
P651	BASE_PDF_OVERRIDE	PASS	SOURCE_BLOCK_TEXT	"입원시 체중 1500 - 1999g
and not(시술명 table2을 제외한 OR procedure or 인공호흡 ≥96 hours)
and { (시술명 table3 or 인공호흡 > 24 hours or 주요 문제) and 다발성 주요 문제 }"
P652	BASE_PDF_OVERRIDE	PASS	ROOT_SOURCE_FRAGMENT	입원시 체중 1500 - 1999g and not(시술명 table2을 제외한 OR procedure or 인공호흡 ≥96 hours) and (시술명 table3 or 인공호흡 > 24 hours or 주요 문제)
P653	BASE_PDF_OVERRIDE	PASS	ROOT_SOURCE_FRAGMENT	입원시 체중 1500 - 1999g and not(시술명 table2을 제외한 OR procedure or 인공호흡 ≥96 hours) and (시술명 table4 or 주진단명 또는 기타진단명 table1)
P654	BASE_PDF_OVERRIDE	PASS	ROOT_SOURCE_FRAGMENT	입원시 체중 1500 - 1999g and not(시술명 table2을 제외한 OR procedure or 인공호흡 ≥96 hours) and not(시술명 table3 or 시술명 table4 or 인공호흡 > 24 hours or 주요 문제 or 다발성 주요 문제 or 주진단명 또는 기타진단명 table1)
P661	BASE_PDF_OVERRIDE	PASS	SOURCE_BLOCK_TEXT	"입원시 체중 2000 - 2499g
and not(시술명 table2을 제외한 OR procedure or 인공호흡 ≥96 hours)
and { (시술명 table3 or 인공호흡 > 24 hours or 주요 문제) and 다발성 주요 문제 }"
P662	BASE_PDF_OVERRIDE	PASS	ROOT_SOURCE_FRAGMENT	입원시 체중 2000 - 2499g and not(시술명 table2을 제외한 OR procedure or 인공호흡 ≥96 hours) and (시술명 table3 or 인공호흡 > 24 hours or 주요 문제)
P663	BASE_PDF_OVERRIDE	PASS	ROOT_SOURCE_FRAGMENT	입원시 체중 2000 - 2499g and not(시술명 table2을 제외한 OR procedure or 인공호흡 ≥96 hours) and (시술명 table4 or 주진단명 또는 기타진단명 table1)
P664	BASE_PDF_OVERRIDE	PASS	ROOT_SOURCE_FRAGMENT	입원시 체중 2000 - 2499g and not(시술명 table2을 제외한 OR procedure or 인공호흡 ≥96 hours) and not(시술명 table3 or 시술명 table4 or 인공호흡 > 24 hours or 주요 문제 or 다발성 주요 문제 or 주진단명 또는 기타진단명 table1)
P671	BASE_PDF_OVERRIDE	PASS	SOURCE_BLOCK_TEXT	"입원시 체중 > 2499g
and not(시술명 table2을 제외한 OR procedure or 인공호흡 ≥96 hours)
and { (시술명 table3 or 인공호흡 > 24 hours or 주요 문제) and 다발성 주요 문제 }"
P672	BASE_PDF_OVERRIDE	PASS	ROOT_SOURCE_FRAGMENT	입원시 체중 > 2499g and not(시술명 table2을 제외한 OR procedure or 인공호흡 ≥96 hours) and (시술명 table3 or 인공호흡 > 24 hours or 주요 문제)
P673	BASE_PDF_OVERRIDE	PASS	ROOT_SOURCE_FRAGMENT	입원시 체중 > 2499g and not(시술명 table2을 제외한 OR procedure or 인공호흡 ≥96 hours) and (시술명 table4 or 주진단명 또는 기타진단명 table1)
P674	BASE_PDF_OVERRIDE	PASS	ROOT_SOURCE_FRAGMENT	입원시 체중 > 2499g and not(시술명 table2을 제외한 OR procedure or 인공호흡 ≥96 hours) and not(시술명 table3 or 시술명 table4 or 인공호흡 > 24 hours or 주요 문제 or 다발성 주요 문제 or 주진단명 또는 기타진단명 table1)
Q020	BASE_PDF_OVERRIDE	PASS	ROOT_SOURCE_FRAGMENT	Q01의 시술명 table1을 제외한 OR procedure
R020	BASE_PDF_OVERRIDE	PASS	ROOT_SOURCE_FRAGMENT	R01의 주진단명 table1을 제외한 MDC17의 주진단명 and 시술명 table1
R030	BASE_PDF_OVERRIDE	PASS	ROOT_SOURCE_FRAGMENT	주진단명 table1 and R01의 시술명 table2를 제외한 OR procedure
R040	BASE_PDF_OVERRIDE	PASS	ROOT_SOURCE_FRAGMENT	R03의 주진단명 table1을 제외한 MDC17의 주진단명 and R02의 시술명 table1을 제외한 OR procedure
R635	BASE_PDF_OVERRIDE	PASS	ROOT_SOURCE_FRAGMENT	주진단명 table1 and (시술명 table3 or 부가코드) without (기타진단명 table2 and 재원기간=1)
R636	BASE_PDF_OVERRIDE	PASS	ROOT_SOURCE_FRAGMENT	주진단명 table1 and 재원기간=1 and (시술명 table3 or 부가코드) without 기타진단명 table2
R637	BASE_PDF_OVERRIDE	PASS	ROOT_SOURCE_FRAGMENT	주진단명 table1 or (주진단명 table1 and 기타진단명 table2) without (시술명 table3 and 부가코드)
R672	BASE_PDF_OVERRIDE	PASS	ROOT_SOURCE_FRAGMENT	주진단명 table1 without 시술명 table2
T011	BASE_PDF_OVERRIDE	PASS	SOURCE_BLOCK_TEXT	[주진단명 table1 or (주진단명 table2 and 기타진단명 table3)] and OR procedure
T601	BASE_PDF_OVERRIDE	PASS	ROOT_SOURCE_FRAGMENT	주진단명 table1 or (주진단명 table2 and 기타진단명 table3)
V630	BASE_PDF_OVERRIDE	PASS	ROOT_SOURCE_FRAGMENT	V62의 주진단명 table1 and 시술명 table1
W600	BASE_PDF_OVERRIDE	PASS	ROOT_SOURCE_FRAGMENT	재원기간 < 5일 and (퇴원유형 = 다른 의료기관으로 이송)
X041	BASE_PDF_OVERRIDE	PASS	ROOT_SOURCE_FRAGMENT	(주진단명 table1 and 시술명 table2) or 시술명 table3
X042	BASE_PDF_OVERRIDE	PASS	ROOT_SOURCE_FRAGMENT	(주진단명 table1 and 시술명 table4) or 시술명 table5
A091	AST_FALLBACK_ALREADY_MATCHES	PASS	ROOT_SOURCE_FRAGMENT	"주진단명 table1
and 시술명 table2
and 시술명 table3
and 인공호흡 ≥96 hours"
A092	AST_FALLBACK_ALREADY_MATCHES	PASS	ROOT_SOURCE_FRAGMENT	"주진단명 table1
and 시술명 table2
and 시술명 table3
and not(인공호흡 ≥96 hours)"
A093	AST_FALLBACK_ALREADY_MATCHES	PASS	ROOT_SOURCE_FRAGMENT	"주진단명 table1
and 시술명 table2"
A094	AST_FALLBACK_ALREADY_MATCHES	PASS	ROOT_SOURCE_FRAGMENT	"시술명 table2
and 시술명 table3
and 인공호흡 ≥96 hours"
A095	AST_FALLBACK_ALREADY_MATCHES	PASS	ROOT_SOURCE_FRAGMENT	"시술명 table2
and 시술명 table3
and not(인공호흡 ≥96 hours)"
B011	AST_FALLBACK_ALREADY_MATCHES	PASS	ROOT_SOURCE_FRAGMENT	"주진단명 또는 기타진단명 table1
and 시술명 table2"
B012	AST_FALLBACK_ALREADY_MATCHES	PASS	ROOT_SOURCE_FRAGMENT	"주진단명 또는 기타진단명 table1
and 시술명 table3"
B015	AST_FALLBACK_ALREADY_MATCHES	PASS	ROOT_SOURCE_FRAGMENT	"주진단명 또는 기타진단명 table1
and 시술명 table4"
B017	AST_FALLBACK_ALREADY_MATCHES	PASS	ROOT_SOURCE_FRAGMENT	"주진단명 또는 기타진단명 table1
and (시술명 table2 or 시술명 table3)
and 시술명 table5"
B018	AST_FALLBACK_ALREADY_MATCHES	PASS	ROOT_SOURCE_FRAGMENT	"주진단명 또는 기타진단명 table1
and 시술명 table4
and 시술명 table5"
B021	AST_FALLBACK_ALREADY_MATCHES	PASS	ROOT_SOURCE_FRAGMENT	"주진단명 또는 기타진단명 table1
and 시술명 table2"
B023	AST_FALLBACK_ALREADY_MATCHES	PASS	ROOT_SOURCE_FRAGMENT	"주진단명 또는 기타진단명 table1
and 시술명 table3"
B025	AST_FALLBACK_ALREADY_MATCHES	PASS	ROOT_SOURCE_FRAGMENT	"시술명 table1
and 시술명 table2"
B041	AST_FALLBACK_ALREADY_MATCHES	PASS	ROOT_SOURCE_FRAGMENT	"주진단명 또는 기타진단명 table1
and 시술명 table2"
B092	AST_FALLBACK_ALREADY_MATCHES	PASS	ROOT_SOURCE_FRAGMENT	"주진단명 table3
and 시술명 table4"
B093	AST_FALLBACK_ALREADY_MATCHES	PASS	ROOT_SOURCE_FRAGMENT	"주진단명 table5
and 시술명 table7"
B094	AST_FALLBACK_ALREADY_MATCHES	PASS	ROOT_SOURCE_FRAGMENT	"주진단명 table6
and 시술명 table7"
B121	AST_FALLBACK_ALREADY_MATCHES	PASS	ROOT_SOURCE_FRAGMENT	"주진단명 table1
and 시술명 table2"
B122	AST_FALLBACK_ALREADY_MATCHES	PASS	ROOT_SOURCE_FRAGMENT	"주진단명 table1
and 시술명 table2"
B123	AST_FALLBACK_ALREADY_MATCHES	PASS	ROOT_SOURCE_FRAGMENT	"주진단명 table1
and 시술명 table2"
B124	AST_FALLBACK_ALREADY_MATCHES	PASS	ROOT_SOURCE_FRAGMENT	"주진단명 table1
and 시술명 table2"
B125	AST_FALLBACK_ALREADY_MATCHES	PASS	ROOT_SOURCE_FRAGMENT	"주진단명 table1
and 시술명 table2"
B152	AST_FALLBACK_ALREADY_MATCHES	PASS	ROOT_SOURCE_FRAGMENT	"주진단명 또는 기타진단명 table1
and 시술명 table3"
B154	AST_FALLBACK_ALREADY_MATCHES	PASS	ROOT_SOURCE_FRAGMENT	"(시술명 table2 or 시술명 table3)
and 시술명 table4"
B161	AST_FALLBACK_ALREADY_MATCHES	PASS	ROOT_SOURCE_FRAGMENT	"시술명 table1
and 연령 ≤18"
B162	AST_FALLBACK_ALREADY_MATCHES	PASS	ROOT_SOURCE_FRAGMENT	"시술명 table1
and 시술명 table2
and 연령>18"
B163	AST_FALLBACK_ALREADY_MATCHES	PASS	ROOT_SOURCE_FRAGMENT	"시술명 table1
and 연령>18"
B171	AST_FALLBACK_ALREADY_MATCHES	PASS	ROOT_SOURCE_FRAGMENT	"주진단명 또는 기타진단명 table1
and 시술명 table2"
B173	AST_FALLBACK_ALREADY_MATCHES	PASS	ROOT_SOURCE_FRAGMENT	"주진단명 또는 기타진단명 table1
and 시술명 table3"
B175	AST_FALLBACK_ALREADY_MATCHES	PASS	ROOT_SOURCE_FRAGMENT	"주진단명 또는 기타진단명 table1
and 시술명 table4"
B203	AST_FALLBACK_ALREADY_MATCHES	PASS	ROOT_SOURCE_FRAGMENT	"주진단명 table1
and 시술명 table2"
B631	AST_FALLBACK_ALREADY_MATCHES	PASS	ROOT_SOURCE_FRAGMENT	"주진단명 table1
and 시술명 table2"
B632	AST_FALLBACK_ALREADY_MATCHES	PASS	ROOT_SOURCE_FRAGMENT	"주진단명 table1
and (시술명 table3 or 부가코드)"
B685	AST_FALLBACK_ALREADY_MATCHES	PASS	ROOT_SOURCE_FRAGMENT	"주진단명 table3
and 부가코드"
C011	AST_FALLBACK_ALREADY_MATCHES	PASS	ROOT_SOURCE_FRAGMENT	"주진단명 table1
and 기타진단명 table2
and 시술명 table3
and 시술명 table4"
C012	AST_FALLBACK_ALREADY_MATCHES	PASS	ROOT_SOURCE_FRAGMENT	"주진단명 table5
and 시술명 table6
and 시술명 table7"
C013	AST_FALLBACK_ALREADY_MATCHES	PASS	ROOT_SOURCE_FRAGMENT	"주진단명 table5
and 시술명 table6"
C014	AST_FALLBACK_ALREADY_MATCHES	PASS	ROOT_SOURCE_FRAGMENT	"주진단명 table8
and 기타진단명 table9
and 시술명 table10"
C022	AST_FALLBACK_ALREADY_MATCHES	PASS	ROOT_SOURCE_FRAGMENT	"시술명 table1
and 부가코드"
C045	AST_FALLBACK_ALREADY_MATCHES	PASS	ROOT_SOURCE_FRAGMENT	"시술명 table1
and 시술명 table3"
C051	AST_FALLBACK_ALREADY_MATCHES	PASS	ROOT_SOURCE_FRAGMENT	"시술명 table1
and 시술명 table2"
C061	AST_FALLBACK_ALREADY_MATCHES	PASS	SOURCE_BLOCK_TEXT	"시술명 table1
and 시술명 table2 (with or without 시술명 table3)
and 부가코드2"
C062	AST_FALLBACK_ALREADY_MATCHES	PASS	SOURCE_BLOCK_TEXT	"시술명 table1 (with or without 시술명 table3)
and 부가코드2"
C063	AST_FALLBACK_ALREADY_MATCHES	PASS	SOURCE_BLOCK_TEXT	"시술명 table1
and 시술명 table2 (with or without 시술명 table3)
and 부가코드1
and 부가코드2"
C064	AST_FALLBACK_ALREADY_MATCHES	PASS	SOURCE_BLOCK_TEXT	"시술명 table1 (with or without 시술명 table3)
and 부가코드1
and 부가코드2"
C071	AST_FALLBACK_ALREADY_MATCHES	PASS	SOURCE_BLOCK_TEXT	"시술명 table1
and 시술명 table2 (with or without 시술명 table3)"
C072	AST_FALLBACK_ALREADY_MATCHES	PASS	ROOT_SOURCE_FRAGMENT	시술명 table1 (with or without 시술명 table3)
C073	AST_FALLBACK_ALREADY_MATCHES	PASS	SOURCE_BLOCK_TEXT	"시술명 table1 (with or without 시술명 table3)
and 부가코드"
C091	AST_FALLBACK_ALREADY_MATCHES	PASS	ROOT_SOURCE_FRAGMENT	"시술명 table3
and 시술명 table5"
C121	AST_FALLBACK_ALREADY_MATCHES	PASS	ROOT_SOURCE_FRAGMENT	"시술명 table1
and 부가코드1"
C122	AST_FALLBACK_ALREADY_MATCHES	PASS	ROOT_SOURCE_FRAGMENT	"시술명 table1
and 부가코드2"
C123	AST_FALLBACK_ALREADY_MATCHES	PASS	ROOT_SOURCE_FRAGMENT	"시술명 table1
and 부가코드3"
C124	AST_FALLBACK_ALREADY_MATCHES	PASS	ROOT_SOURCE_FRAGMENT	"시술명 table2
and 부가코드1"
C125	AST_FALLBACK_ALREADY_MATCHES	PASS	ROOT_SOURCE_FRAGMENT	"시술명 table2
and 부가코드2"
C126	AST_FALLBACK_ALREADY_MATCHES	PASS	ROOT_SOURCE_FRAGMENT	"시술명 table2
and 부가코드3"
C133	AST_FALLBACK_ALREADY_MATCHES	PASS	ROOT_SOURCE_FRAGMENT	"시술명 table1
and 부가코드"
C136	AST_FALLBACK_ALREADY_MATCHES	PASS	ROOT_SOURCE_FRAGMENT	"시술명 table1
and 부가코드"
D021	AST_FALLBACK_ALREADY_MATCHES	PASS	ROOT_SOURCE_FRAGMENT	"시술명 table1
and 시술명 table2"
D052	AST_FALLBACK_ALREADY_MATCHES	PASS	ROOT_SOURCE_FRAGMENT	"시술명 table1
and 부가코드1"
D054	AST_FALLBACK_ALREADY_MATCHES	PASS	ROOT_SOURCE_FRAGMENT	"시술명 table2
and 부가코드2"
D067	AST_FALLBACK_ALREADY_MATCHES	PASS	ROOT_SOURCE_FRAGMENT	"시술명 table4
and 부가코드3"
D068	AST_FALLBACK_ALREADY_MATCHES	PASS	ROOT_SOURCE_FRAGMENT	"시술명 table5
and 부가코드4"
D601	AST_FALLBACK_ALREADY_MATCHES	PASS	ROOT_SOURCE_FRAGMENT	"주진단명 table1
and 시술명 table2"
D602	AST_FALLBACK_ALREADY_MATCHES	PASS	ROOT_SOURCE_FRAGMENT	"주진단명 table1
and (시술명 table3 or 부가코드)"
D621	AST_FALLBACK_ALREADY_MATCHES	PASS	ROOT_SOURCE_FRAGMENT	"주진단명 table1
and 기타진단명 table2"
E018	AST_FALLBACK_ALREADY_MATCHES	PASS	ROOT_SOURCE_FRAGMENT	"시술명 table1
and 부가코드"
E501	AST_FALLBACK_ALREADY_MATCHES	PASS	ROOT_SOURCE_FRAGMENT	"시술명 table1
and 시술명 table2
and 인공호흡≥96hours"
E502	AST_FALLBACK_ALREADY_MATCHES	PASS	ROOT_SOURCE_FRAGMENT	"시술명 table1
and 인공호흡≥96hours"
E511	AST_FALLBACK_ALREADY_MATCHES	PASS	ROOT_SOURCE_FRAGMENT	"시술명 table1
and 시술명 table2
and not(인공호흡≥96hours)"
E512	AST_FALLBACK_ALREADY_MATCHES	PASS	ROOT_SOURCE_FRAGMENT	"시술명 table1
and not(인공호흡≥96hours)"
E520	AST_FALLBACK_ALREADY_MATCHES	PASS	ROOT_SOURCE_FRAGMENT	"주진단명 table1
and 시술명 table2"
E530	AST_FALLBACK_ALREADY_MATCHES	PASS	ROOT_SOURCE_FRAGMENT	"주진단명 table1
and 시술명 table2"
E624	AST_FALLBACK_ALREADY_MATCHES	PASS	ROOT_SOURCE_FRAGMENT	"주진단명 table1
and 연령 ≤18세"
E625	AST_FALLBACK_ALREADY_MATCHES	PASS	ROOT_SOURCE_FRAGMENT	"주진단명 table1
and 연령 ≤18세"
E671	AST_FALLBACK_ALREADY_MATCHES	PASS	ROOT_SOURCE_FRAGMENT	"주진단명 table1
and 시술명 table2"
E672	AST_FALLBACK_ALREADY_MATCHES	PASS	ROOT_SOURCE_FRAGMENT	"주진단명 table1
and (시술명 table3 or 부가코드)"
F021	AST_FALLBACK_ALREADY_MATCHES	PASS	ROOT_SOURCE_FRAGMENT	"시술명 table1
and 시술명 table2"
F041	AST_FALLBACK_ALREADY_MATCHES	PASS	ROOT_SOURCE_FRAGMENT	"시술명 table1
and 시술명 table2
and 시술명 table3"
F042	AST_FALLBACK_ALREADY_MATCHES	PASS	ROOT_SOURCE_FRAGMENT	"시술명 table1
and 시술명 table3"
F043	AST_FALLBACK_ALREADY_MATCHES	PASS	ROOT_SOURCE_FRAGMENT	"시술명 table2
and 시술명 table4"
F053	AST_FALLBACK_ALREADY_MATCHES	PASS	ROOT_SOURCE_FRAGMENT	"시술명 table1
and 시술명 table2"
F062	AST_FALLBACK_ALREADY_MATCHES	PASS	ROOT_SOURCE_FRAGMENT	"시술명 table2
and 시술명 table4"
F063	AST_FALLBACK_ALREADY_MATCHES	PASS	ROOT_SOURCE_FRAGMENT	"시술명 table4
and 시술명 table5"
F081	AST_FALLBACK_ALREADY_MATCHES	PASS	ROOT_SOURCE_FRAGMENT	"주진단명 table1
and 시술명 table3"
F082	AST_FALLBACK_ALREADY_MATCHES	PASS	ROOT_SOURCE_FRAGMENT	"주진단명 table2
and 시술명 table3"
F083	AST_FALLBACK_ALREADY_MATCHES	PASS	ROOT_SOURCE_FRAGMENT	"주진단명 table1
and 시술명 table2"
F084	AST_FALLBACK_ALREADY_MATCHES	PASS	ROOT_SOURCE_FRAGMENT	"주진단명 table1
and 시술명 table2"
F103	AST_FALLBACK_ALREADY_MATCHES	PASS	ROOT_SOURCE_FRAGMENT	"시술명 table1
and 시술명 table4"
F111	AST_FALLBACK_ALREADY_MATCHES	PASS	ROOT_SOURCE_FRAGMENT	"주진단명 table1
and 시술명 table2
and 시술명 table3"
F121	AST_FALLBACK_ALREADY_MATCHES	PASS	ROOT_SOURCE_FRAGMENT	"주진단명 table1
and 시술명 table2"
F171	AST_FALLBACK_ALREADY_MATCHES	PASS	ROOT_SOURCE_FRAGMENT	"주진단명 table1
and 시술명 table2"
F172	AST_FALLBACK_ALREADY_MATCHES	PASS	ROOT_SOURCE_FRAGMENT	"주진단명 table1
and 시술명 table2
and 시술명 table3"
F181	AST_FALLBACK_ALREADY_MATCHES	PASS	ROOT_SOURCE_FRAGMENT	"주진단명 table1
and 시술명 table3"
F182	AST_FALLBACK_ALREADY_MATCHES	PASS	ROOT_SOURCE_FRAGMENT	"주진단명 table2
and 시술명 table3"
F192	AST_FALLBACK_ALREADY_MATCHES	PASS	ROOT_SOURCE_FRAGMENT	"주진단명 table1
and 시술명 table2"
F193	AST_FALLBACK_ALREADY_MATCHES	PASS	ROOT_SOURCE_FRAGMENT	"주진단명 table1
and 시술명 table2"
F195	AST_FALLBACK_ALREADY_MATCHES	PASS	ROOT_SOURCE_FRAGMENT	"주진단명 table1
and 시술명 table2"
F651	AST_FALLBACK_ALREADY_MATCHES	PASS	ROOT_SOURCE_FRAGMENT	"주진단명 table1
and 시술명 table2"
G021	AST_FALLBACK_ALREADY_MATCHES	PASS	ROOT_SOURCE_FRAGMENT	"시술명 table1
and 부가코드"
G031	AST_FALLBACK_ALREADY_MATCHES	PASS	ROOT_SOURCE_FRAGMENT	"시술명 table1
and 부가코드"
G041	AST_FALLBACK_ALREADY_MATCHES	PASS	ROOT_SOURCE_FRAGMENT	"주진단명 table1
and 시술명 table2"
G071	AST_FALLBACK_ALREADY_MATCHES	PASS	ROOT_SOURCE_FRAGMENT	"시술명 table1
and 부가코드"
G081	AST_FALLBACK_ALREADY_MATCHES	PASS	ROOT_SOURCE_FRAGMENT	"시술명 table1
and 부가코드"
G091	AST_FALLBACK_ALREADY_MATCHES	PASS	ROOT_SOURCE_FRAGMENT	"시술명 table1
and 부가코드"
G093	AST_FALLBACK_ALREADY_MATCHES	PASS	ROOT_SOURCE_FRAGMENT	"시술명 table2
and 부가코드"
G101	AST_FALLBACK_ALREADY_MATCHES	PASS	ROOT_SOURCE_FRAGMENT	"시술명 table1
and 부가코드"
G111	AST_FALLBACK_ALREADY_MATCHES	PASS	ROOT_SOURCE_FRAGMENT	"시술명 table1
and 부가코드"
G121	AST_FALLBACK_ALREADY_MATCHES	PASS	ROOT_SOURCE_FRAGMENT	"시술명 table1
and 부가코드"
G131	AST_FALLBACK_ALREADY_MATCHES	PASS	ROOT_SOURCE_FRAGMENT	"시술명 table1
and 부가코드"
G141	AST_FALLBACK_ALREADY_MATCHES	PASS	ROOT_SOURCE_FRAGMENT	"시술명 table1
and 부가코드"
G151	AST_FALLBACK_ALREADY_MATCHES	PASS	ROOT_SOURCE_FRAGMENT	"시술명 table1
and 부가코드"
G171	AST_FALLBACK_ALREADY_MATCHES	PASS	ROOT_SOURCE_FRAGMENT	"시술명 table1
and 부가코드"
G201	AST_FALLBACK_ALREADY_MATCHES	PASS	ROOT_SOURCE_FRAGMENT	"시술명 table1
and 부가코드"
G203	AST_FALLBACK_ALREADY_MATCHES	PASS	ROOT_SOURCE_FRAGMENT	"시술명 table2
and 부가코드"
G211	AST_FALLBACK_ALREADY_MATCHES	PASS	ROOT_SOURCE_FRAGMENT	"주진단명 table1
and 시술명 table2
and 부가코드"
G212	AST_FALLBACK_ALREADY_MATCHES	PASS	ROOT_SOURCE_FRAGMENT	"시술명 table2
and 부가코드"
G213	AST_FALLBACK_ALREADY_MATCHES	PASS	ROOT_SOURCE_FRAGMENT	"주진단명 table1
and 시술명 table2"
G221	AST_FALLBACK_ALREADY_MATCHES	PASS	ROOT_SOURCE_FRAGMENT	"시술명 table1
and 부가코드1"
G222	AST_FALLBACK_ALREADY_MATCHES	PASS	ROOT_SOURCE_FRAGMENT	"시술명 table1
and 부가코드1
and 부가코드2"
G224	AST_FALLBACK_ALREADY_MATCHES	PASS	ROOT_SOURCE_FRAGMENT	"시술명 table1
and 부가코드2"
G241	AST_FALLBACK_ALREADY_MATCHES	PASS	ROOT_SOURCE_FRAGMENT	"시술명 table1
and 부가코드1"
G242	AST_FALLBACK_ALREADY_MATCHES	PASS	ROOT_SOURCE_FRAGMENT	"시술명 table1
and 부가코드1
and 부가코드2"
G251	AST_FALLBACK_ALREADY_MATCHES	PASS	ROOT_SOURCE_FRAGMENT	"주진단명 table1
and 시술명 table2"
G253	AST_FALLBACK_ALREADY_MATCHES	PASS	ROOT_SOURCE_FRAGMENT	"시술명 table2
and 부가코드"
G503	AST_FALLBACK_ALREADY_MATCHES	PASS	ROOT_SOURCE_FRAGMENT	"주진단명 table1
and 시술명 table2"
G505	AST_FALLBACK_ALREADY_MATCHES	PASS	ROOT_SOURCE_FRAGMENT	"시술명 table2
and 재원기간=1"
G523	AST_FALLBACK_ALREADY_MATCHES	PASS	ROOT_SOURCE_FRAGMENT	"주진단명 table1
and 시술명 table2"
G525	AST_FALLBACK_ALREADY_MATCHES	PASS	ROOT_SOURCE_FRAGMENT	"시술명 table2
and 재원기간=1"
G533	AST_FALLBACK_ALREADY_MATCHES	PASS	ROOT_SOURCE_FRAGMENT	"주진단명 table1
and 시술명 table2"
G540	AST_FALLBACK_ALREADY_MATCHES	PASS	ROOT_SOURCE_FRAGMENT	"시술명 table1
and 시술명 table2
and 재원기간 ≧2일"
G601	AST_FALLBACK_ALREADY_MATCHES	PASS	ROOT_SOURCE_FRAGMENT	"주진단명 table1
and 시술명 table2"
G602	AST_FALLBACK_ALREADY_MATCHES	PASS	ROOT_SOURCE_FRAGMENT	"주진단명 table1
and (시술명 table3 or 부가코드)"
H021	AST_FALLBACK_ALREADY_MATCHES	PASS	ROOT_SOURCE_FRAGMENT	"시술명 table1
and 시술명 table3"
H022	AST_FALLBACK_ALREADY_MATCHES	PASS	ROOT_SOURCE_FRAGMENT	"시술명 table2
and 시술명 table3"
H030	AST_FALLBACK_ALREADY_MATCHES	PASS	ROOT_SOURCE_FRAGMENT	"시술명 table1
and 시술명 table2"
H041	AST_FALLBACK_ALREADY_MATCHES	PASS	ROOT_SOURCE_FRAGMENT	"시술명 table1
and 부가코드"
H043	AST_FALLBACK_ALREADY_MATCHES	PASS	ROOT_SOURCE_FRAGMENT	"시술명 table2
and 부가코드"
H051	AST_FALLBACK_ALREADY_MATCHES	PASS	ROOT_SOURCE_FRAGMENT	"시술명 table1
and 부가코드"
H071	AST_FALLBACK_ALREADY_MATCHES	PASS	ROOT_SOURCE_FRAGMENT	"시술명 table1
and 부가코드"
H081	AST_FALLBACK_ALREADY_MATCHES	PASS	ROOT_SOURCE_FRAGMENT	"시술명 table1
and 부가코드"
H091	AST_FALLBACK_ALREADY_MATCHES	PASS	ROOT_SOURCE_FRAGMENT	"시술명 table1
and 부가코드"
H101	AST_FALLBACK_ALREADY_MATCHES	PASS	ROOT_SOURCE_FRAGMENT	"시술명 table1
and 시술명 table2
and 시술명 table3
and 부가코드"
H102	AST_FALLBACK_ALREADY_MATCHES	PASS	ROOT_SOURCE_FRAGMENT	"시술명 table1
and 시술명 table2
and 시술명 table3"
H103	AST_FALLBACK_ALREADY_MATCHES	PASS	ROOT_SOURCE_FRAGMENT	"시술명 table1
and 시술명 table2
and 부가코드"
H104	AST_FALLBACK_ALREADY_MATCHES	PASS	ROOT_SOURCE_FRAGMENT	"시술명 table1
and 시술명 table2"
H105	AST_FALLBACK_ALREADY_MATCHES	PASS	ROOT_SOURCE_FRAGMENT	"시술명 table1
and 시술명 table3
and 부가코드"
H106	AST_FALLBACK_ALREADY_MATCHES	PASS	ROOT_SOURCE_FRAGMENT	"시술명 table1
and 시술명 table3"
H107	AST_FALLBACK_ALREADY_MATCHES	PASS	ROOT_SOURCE_FRAGMENT	"시술명 table1
and 부가코드"
H111	AST_FALLBACK_ALREADY_MATCHES	PASS	ROOT_SOURCE_FRAGMENT	"시술명 table1
and 부가코드"
H121	AST_FALLBACK_ALREADY_MATCHES	PASS	ROOT_SOURCE_FRAGMENT	"시술명 table1
and 부가코드"
H131	AST_FALLBACK_ALREADY_MATCHES	PASS	ROOT_SOURCE_FRAGMENT	"주진단명 table1
and 시술명 table2"
H156	AST_FALLBACK_ALREADY_MATCHES	PASS	ROOT_SOURCE_FRAGMENT	"주진단명 table1
and 시술명 table2
and 시술명 table3"
H157	AST_FALLBACK_ALREADY_MATCHES	PASS	ROOT_SOURCE_FRAGMENT	"주진단명 table1
and 시술명 table2"
H500	AST_FALLBACK_ALREADY_MATCHES	PASS	ROOT_SOURCE_FRAGMENT	"주진단명 table1
and 기타진단명 table2
and 시술명 table3"
H510	AST_FALLBACK_ALREADY_MATCHES	PASS	ROOT_SOURCE_FRAGMENT	"주진단명 또는 기타진단명 table1
and 시술명 table2"
H621	AST_FALLBACK_ALREADY_MATCHES	PASS	ROOT_SOURCE_FRAGMENT	"주진단명 table1
and 시술명 table2"
H622	AST_FALLBACK_ALREADY_MATCHES	PASS	ROOT_SOURCE_FRAGMENT	"주진단명 table1
and (시술명 table3 or 부가코드)"
H631	AST_FALLBACK_ALREADY_MATCHES	PASS	ROOT_SOURCE_FRAGMENT	"주진단명 table1
and 시술명 table2"
H632	AST_FALLBACK_ALREADY_MATCHES	PASS	ROOT_SOURCE_FRAGMENT	"주진단명 table1
and (시술명 table3 or 부가코드)"
H641	AST_FALLBACK_ALREADY_MATCHES	PASS	ROOT_SOURCE_FRAGMENT	"주진단명 table1
and 기타진단명 table2"
I062	AST_FALLBACK_ALREADY_MATCHES	PASS	ROOT_SOURCE_FRAGMENT	"주진단명 또는 기타진단명 table1
and 시술명 table3"
I064	AST_FALLBACK_ALREADY_MATCHES	PASS	ROOT_SOURCE_FRAGMENT	"(시술명 table2 or 시술명 table3)
and 시술명 table4"
I071	AST_FALLBACK_ALREADY_MATCHES	PASS	ROOT_SOURCE_FRAGMENT	"시술명 table 1
and age ≤18"
I072	AST_FALLBACK_ALREADY_MATCHES	PASS	ROOT_SOURCE_FRAGMENT	"시술명 table1
and 시술명 table2
and age >18"
I073	AST_FALLBACK_ALREADY_MATCHES	PASS	ROOT_SOURCE_FRAGMENT	"시술명 table1
and age >18"
I081	AST_FALLBACK_ALREADY_MATCHES	PASS	ROOT_SOURCE_FRAGMENT	"주진단명 또는 기타진단명 table1
and 시술명 table2"
I083	AST_FALLBACK_ALREADY_MATCHES	PASS	ROOT_SOURCE_FRAGMENT	"주진단명 또는 기타진단명 table1
and 시술명 table3"
I085	AST_FALLBACK_ALREADY_MATCHES	PASS	ROOT_SOURCE_FRAGMENT	"주진단명 또는 기타진단명 table1
and 시술명 table4"
I211	AST_FALLBACK_ALREADY_MATCHES	PASS	ROOT_SOURCE_FRAGMENT	"Diagnosis table9(족부 질환)-A
and 시술명 table1"
I212	AST_FALLBACK_ALREADY_MATCHES	PASS	ROOT_SOURCE_FRAGMENT	"Diagnosis table5(족관절 질환)
and 시술명 table1"
I213	AST_FALLBACK_ALREADY_MATCHES	PASS	ROOT_SOURCE_FRAGMENT	"Diagnosis table9(족부 질환)-A
and 시술명 table1"
I281	AST_FALLBACK_ALREADY_MATCHES	PASS	ROOT_SOURCE_FRAGMENT	"Diagnosis table2(고관절 및 대퇴부 질환)-B
and 시술명 table1"
I282	AST_FALLBACK_ALREADY_MATCHES	PASS	ROOT_SOURCE_FRAGMENT	"Diagnosis table2(고관절 및 대퇴부 질환)-C
and 시술명 table1"
I651	AST_FALLBACK_ALREADY_MATCHES	PASS	ROOT_SOURCE_FRAGMENT	"주진단명 table1
and 시술명 table2"
I652	AST_FALLBACK_ALREADY_MATCHES	PASS	ROOT_SOURCE_FRAGMENT	"주진단명 table1
and (시술명 table3 or 부가코드)"
I681	AST_FALLBACK_ALREADY_MATCHES	PASS	ROOT_SOURCE_FRAGMENT	"주진단명 table1
and 시술명 table 2"
J021	AST_FALLBACK_ALREADY_MATCHES	PASS	ROOT_SOURCE_FRAGMENT	"주진단명 table1
and 시술명 table2"
J022	AST_FALLBACK_ALREADY_MATCHES	PASS	ROOT_SOURCE_FRAGMENT	"주진단명 table1
and 시술명 table3"
J061	AST_FALLBACK_ALREADY_MATCHES	PASS	ROOT_SOURCE_FRAGMENT	"주진단명 또는 기타진단명 table1
and 시술명 table2"
J062	AST_FALLBACK_ALREADY_MATCHES	PASS	ROOT_SOURCE_FRAGMENT	"주진단명 또는 기타진단명 table1
and 시술명 table3"
J063	AST_FALLBACK_ALREADY_MATCHES	PASS	ROOT_SOURCE_FRAGMENT	"주진단명 table1
and 시술명 table2"
J071	AST_FALLBACK_ALREADY_MATCHES	PASS	ROOT_SOURCE_FRAGMENT	"주진단명 table1
and 시술명 table2
and 부가코드"
J072	AST_FALLBACK_ALREADY_MATCHES	PASS	ROOT_SOURCE_FRAGMENT	"주진단명 table1
and 시술명 table2"
J080	AST_FALLBACK_ALREADY_MATCHES	PASS	ROOT_SOURCE_FRAGMENT	"주진단명 table1
and 시술명 table2"
J090	AST_FALLBACK_ALREADY_MATCHES	PASS	ROOT_SOURCE_FRAGMENT	"주진단명 또는 기타진단명 table1
and 시술명 table2"
J501	AST_FALLBACK_ALREADY_MATCHES	PASS	ROOT_SOURCE_FRAGMENT	"주진단명 table1
and 시술명 table3"
J502	AST_FALLBACK_ALREADY_MATCHES	PASS	ROOT_SOURCE_FRAGMENT	"주진단명 또는 기타진단명 table2(주진단이 악성종양의 경우 제외)
and 시술명 table3"
J611	AST_FALLBACK_ALREADY_MATCHES	PASS	ROOT_SOURCE_FRAGMENT	"주진단명 table1
and 시술명 table2"
J612	AST_FALLBACK_ALREADY_MATCHES	PASS	ROOT_SOURCE_FRAGMENT	"주진단명 table1
and (시술명 table3 or 부가코드)"
J631	AST_FALLBACK_ALREADY_MATCHES	PASS	ROOT_SOURCE_FRAGMENT	"주진단명 table1
and 시술명 table2"
J632	AST_FALLBACK_ALREADY_MATCHES	PASS	ROOT_SOURCE_FRAGMENT	"주진단명 table1
and (시술명 table3 or 부가코드)"
K031	AST_FALLBACK_ALREADY_MATCHES	PASS	ROOT_SOURCE_FRAGMENT	"시술명 table1
and 부가코드"
K051	AST_FALLBACK_ALREADY_MATCHES	PASS	ROOT_SOURCE_FRAGMENT	"시술명 table1
and 부가코드"
K063	AST_FALLBACK_ALREADY_MATCHES	PASS	ROOT_SOURCE_FRAGMENT	"진단명 table1
and 시술명 table3"
K064	AST_FALLBACK_ALREADY_MATCHES	PASS	ROOT_SOURCE_FRAGMENT	"진단명 table1
and 시술명 table2"
K091	AST_FALLBACK_ALREADY_MATCHES	PASS	ROOT_SOURCE_FRAGMENT	"시술명 table1
and 부가코드"
K700	AST_FALLBACK_ALREADY_MATCHES	PASS	ROOT_SOURCE_FRAGMENT	"주진단명 table1
and 시술명 table2"
L027	AST_FALLBACK_ALREADY_MATCHES	PASS	ROOT_SOURCE_FRAGMENT	"시술명 table1
and 부가코드"
L031	AST_FALLBACK_ALREADY_MATCHES	PASS	ROOT_SOURCE_FRAGMENT	"시술명 table1
and 부가코드"
L034	AST_FALLBACK_ALREADY_MATCHES	PASS	ROOT_SOURCE_FRAGMENT	"시술명 table1
and 부가코드"
L081	AST_FALLBACK_ALREADY_MATCHES	PASS	ROOT_SOURCE_FRAGMENT	"시술명 table1
and 부가코드"
L091	AST_FALLBACK_ALREADY_MATCHES	PASS	ROOT_SOURCE_FRAGMENT	"시술명 table1
and 시술명 table2"
L092	AST_FALLBACK_ALREADY_MATCHES	PASS	ROOT_SOURCE_FRAGMENT	"시술명 table1
or 시술명 table2"
L132	AST_FALLBACK_ALREADY_MATCHES	PASS	ROOT_SOURCE_FRAGMENT	"시술명 table1
and 시술명 table2"
L601	AST_FALLBACK_ALREADY_MATCHES	PASS	ROOT_SOURCE_FRAGMENT	"주진단명 table1
and 시술명 table2"
L602	AST_FALLBACK_ALREADY_MATCHES	PASS	ROOT_SOURCE_FRAGMENT	"주진단명 table1
and 시술명 table3
and 시술명 table4"
L603	AST_FALLBACK_ALREADY_MATCHES	PASS	ROOT_SOURCE_FRAGMENT	"주진단명 table1
and 시술명 table3"
L611	AST_FALLBACK_ALREADY_MATCHES	PASS	ROOT_SOURCE_FRAGMENT	"주진단명 table1
and 시술명 table2"
L612	AST_FALLBACK_ALREADY_MATCHES	PASS	ROOT_SOURCE_FRAGMENT	"주진단명 table1
and 시술명 table3"
L621	AST_FALLBACK_ALREADY_MATCHES	PASS	ROOT_SOURCE_FRAGMENT	"주진단명 table1
and 시술명 table2"
L631	AST_FALLBACK_ALREADY_MATCHES	PASS	ROOT_SOURCE_FRAGMENT	"주진단명 table1
and 시술명 table2"
L632	AST_FALLBACK_ALREADY_MATCHES	PASS	ROOT_SOURCE_FRAGMENT	"주진단명 table1
and (시술명 table3 or 부가코드)"
L641	AST_FALLBACK_ALREADY_MATCHES	PASS	ROOT_SOURCE_FRAGMENT	"주진단명 table1
and 기타진단명 table2"
L661	AST_FALLBACK_ALREADY_MATCHES	PASS	ROOT_SOURCE_FRAGMENT	"주진단명 table1
and 시술명 table2"
M081	AST_FALLBACK_ALREADY_MATCHES	PASS	ROOT_SOURCE_FRAGMENT	"시술명 table1
and 부가코드"
M091	AST_FALLBACK_ALREADY_MATCHES	PASS	ROOT_SOURCE_FRAGMENT	"시술명 table1
and 부가코드"
M101	AST_FALLBACK_ALREADY_MATCHES	PASS	ROOT_SOURCE_FRAGMENT	"주진단명 table1
and 시술명 table2"
M601	AST_FALLBACK_ALREADY_MATCHES	PASS	ROOT_SOURCE_FRAGMENT	"주진단명 table1
and 시술명 table2"
M602	AST_FALLBACK_ALREADY_MATCHES	PASS	ROOT_SOURCE_FRAGMENT	"주진단명 table1
and (시술명 table3 or 부가코드)"
N012	AST_FALLBACK_ALREADY_MATCHES	PASS	ROOT_SOURCE_FRAGMENT	"주진단명 table1
and (시술명 table2 or 시술명 table4 or 시술명 table6)"
N022	AST_FALLBACK_ALREADY_MATCHES	PASS	ROOT_SOURCE_FRAGMENT	"시술명 table1
or 시술명 table3"
N032	AST_FALLBACK_ALREADY_MATCHES	PASS	ROOT_SOURCE_FRAGMENT	"시술명 table1
or 시술명 table3"
N052	AST_FALLBACK_ALREADY_MATCHES	PASS	ROOT_SOURCE_FRAGMENT	"시술명 table1
or 시술명 table3"
N061	AST_FALLBACK_ALREADY_MATCHES	PASS	ROOT_SOURCE_FRAGMENT	"시술명 table1
and 부가코드"
N081	AST_FALLBACK_ALREADY_MATCHES	PASS	ROOT_SOURCE_FRAGMENT	"시술명 table1
and 부가코드"
N091	AST_FALLBACK_ALREADY_MATCHES	PASS	ROOT_SOURCE_FRAGMENT	"시술명 table1
and 부가코드"
N102	AST_FALLBACK_ALREADY_MATCHES	PASS	ROOT_SOURCE_FRAGMENT	"시술명 table1
or 시술명 table3"
N151	AST_FALLBACK_ALREADY_MATCHES	PASS	ROOT_SOURCE_FRAGMENT	"시술명 table1
and 부가코드"
N161	AST_FALLBACK_ALREADY_MATCHES	PASS	ROOT_SOURCE_FRAGMENT	"시술명 table1
and 부가코드"
N170	AST_FALLBACK_ALREADY_MATCHES	PASS	ROOT_SOURCE_FRAGMENT	"주진단명 table1
and 시술명 table2"
N601	AST_FALLBACK_ALREADY_MATCHES	PASS	ROOT_SOURCE_FRAGMENT	"주진단명 table1
and 시술명 table2"
N602	AST_FALLBACK_ALREADY_MATCHES	PASS	ROOT_SOURCE_FRAGMENT	"주진단명 table1
and (시술명 table3 or 부가코드)"
O012	AST_FALLBACK_ALREADY_MATCHES	PASS	ROOT_SOURCE_FRAGMENT	"(주진단명 table1 or 연령〉34세)
and 시술명 table2"
O013	AST_FALLBACK_ALREADY_MATCHES	PASS	ROOT_SOURCE_FRAGMENT	"시술명 table2
and 시술명 table3"
O022	AST_FALLBACK_ALREADY_MATCHES	PASS	ROOT_SOURCE_FRAGMENT	"시술명 table2
and 시술명 table3"
O024	AST_FALLBACK_ALREADY_MATCHES	PASS	ROOT_SOURCE_FRAGMENT	"(주진단명 table1 or 연령>34세)
and 시술명 table2"
O042	AST_FALLBACK_ALREADY_MATCHES	PASS	ROOT_SOURCE_FRAGMENT	"(주진단명 table1 or 연령〉34세)
and 시술명 table2"
O052	AST_FALLBACK_ALREADY_MATCHES	PASS	ROOT_SOURCE_FRAGMENT	"(주진단명 table1 or 연령〉34세)
and 시술명 table2"
O062	AST_FALLBACK_ALREADY_MATCHES	PASS	ROOT_SOURCE_FRAGMENT	"(주진단명 table1 or 연령>34세)
and 시술명 table2"
O073	AST_FALLBACK_ALREADY_MATCHES	PASS	ROOT_SOURCE_FRAGMENT	"시술명 table1
and 시술명 table2"
O081	AST_FALLBACK_ALREADY_MATCHES	PASS	ROOT_SOURCE_FRAGMENT	"시술명 table1
and 부가코드"
O091	AST_FALLBACK_ALREADY_MATCHES	PASS	ROOT_SOURCE_FRAGMENT	"시술명 table1
and 부가코드"
O141	AST_FALLBACK_ALREADY_MATCHES	PASS	ROOT_SOURCE_FRAGMENT	"시술명 table1
and 시술명 table2"
O641	AST_FALLBACK_ALREADY_MATCHES	PASS	ROOT_SOURCE_FRAGMENT	"주진단명 table1
and 기타진단명 table2"
Q011	AST_FALLBACK_ALREADY_MATCHES	PASS	ROOT_SOURCE_FRAGMENT	"시술명 table1
and 연령 ≤18세"
Q012	AST_FALLBACK_ALREADY_MATCHES	PASS	ROOT_SOURCE_FRAGMENT	"시술명 table1
and 연령 >18세
and 부가코드"
Q013	AST_FALLBACK_ALREADY_MATCHES	PASS	ROOT_SOURCE_FRAGMENT	"시술명 table1
and 연령 >18세"
R010	AST_FALLBACK_ALREADY_MATCHES	PASS	ROOT_SOURCE_FRAGMENT	"주진단명 table1
and 시술명 table2"
R601	AST_FALLBACK_ALREADY_MATCHES	PASS	ROOT_SOURCE_FRAGMENT	"주진단명 table1
and 시술명 table2"
R634	AST_FALLBACK_ALREADY_MATCHES	PASS	ROOT_SOURCE_FRAGMENT	"주진단명 table1
and 기타진단명 table2
and (시술명 table3 or 부가코드)"
R660	AST_FALLBACK_ALREADY_MATCHES	PASS	ROOT_SOURCE_FRAGMENT	"주진단명 table1
and 시술명 table2"
R671	AST_FALLBACK_ALREADY_MATCHES	PASS	ROOT_SOURCE_FRAGMENT	"주진단명 table1
and 시술명 table2"
T012	AST_FALLBACK_ALREADY_MATCHES	PASS	ROOT_SOURCE_FRAGMENT	"주진단명 table2
and OR procedure"
T013	AST_FALLBACK_ALREADY_MATCHES	PASS	ROOT_SOURCE_FRAGMENT	"주진단명 table1
and OR procedure"
T014	AST_FALLBACK_ALREADY_MATCHES	PASS	ROOT_SOURCE_FRAGMENT	"주진단명 table1
and OR procedure"
T015	AST_FALLBACK_ALREADY_MATCHES	PASS	ROOT_SOURCE_FRAGMENT	"주진단명 table1
and OR procedure"
U010	AST_FALLBACK_ALREADY_MATCHES	PASS	ROOT_SOURCE_FRAGMENT	OR procedure
V620	AST_FALLBACK_ALREADY_MATCHES	PASS	ROOT_SOURCE_FRAGMENT	"주진단명 table1
and 시술명 table2"
W050	AST_FALLBACK_ALREADY_MATCHES	PASS	ROOT_SOURCE_FRAGMENT	"주진단명 또는 기타진단명 table1
and 시술명 table2"
X011	AST_FALLBACK_ALREADY_MATCHES	PASS	ROOT_SOURCE_FRAGMENT	"주진단명 table1
and 시술명 table2"
X012	AST_FALLBACK_ALREADY_MATCHES	PASS	ROOT_SOURCE_FRAGMENT	"주진단명 table1
and 시술명 table3"
X021	AST_FALLBACK_ALREADY_MATCHES	PASS	ROOT_SOURCE_FRAGMENT	"주진단명 table1
and 시술명 table2"
X022	AST_FALLBACK_ALREADY_MATCHES	PASS	ROOT_SOURCE_FRAGMENT	"주진단명 table1
and 시술명 table3"
X051	AST_FALLBACK_ALREADY_MATCHES	PASS	ROOT_SOURCE_FRAGMENT	"주진단명 table1
and 시술명 table2"
X052	AST_FALLBACK_ALREADY_MATCHES	PASS	ROOT_SOURCE_FRAGMENT	"주진단명 table1
and 시술명 table3"
Y010	AST_FALLBACK_ALREADY_MATCHES	PASS	ROOT_SOURCE_FRAGMENT	"주진단명 또는 기타진단명 table1
and 시술명 table2"
Y020	AST_FALLBACK_ALREADY_MATCHES	PASS	ROOT_SOURCE_FRAGMENT	"주진단명 또는 기타진단명 table1
and (기타진단명 table2 or 시술명 table3)"
Y030	AST_FALLBACK_ALREADY_MATCHES	PASS	ROOT_SOURCE_FRAGMENT	"주진단명 table1
and 시술명 table2"
Z010	AST_FALLBACK_ALREADY_MATCHES	PASS	ROOT_SOURCE_FRAGMENT	OR procedure
